     -89202           0
     -83869       59233
     -48417       42286
    -137046      160909
      25605       90587
     -25275       32880
      13572        5767
     -27536      -59534
      42115       65257
     -19940     -113393
      -8653      -62951
     -55350       98994
     133736      -81802
      38422       49282
     -33629      -33279
     -61004      -84404
      11219     -119700
      60151       10085
       7925      152507
     -22574     -164776
       2244      -84610
      69645        1544
     -31623       21149
     -11401      -50409
     101521       65953
       5670       39924
      99416     -110861
      15740      -74833
     -14455      -26146
      57897       -6691
     -50010      -32920
     -15758       95073
    -113331       -5164
     -48113       36960
     119481     -100079
       4224      -97618
      50259        8296
      27929      -45419
      29357       25568
       6801       49726
      55266       26381
     -89700      -48834
     -31901      -40675
     -14559      -60305
      66253       -8418
      39152       24624
      47132      -99756
      52784       40815
     -44866       37097
     -21294      -14702
     -71523      101787
      11290      -81126
    -158788       37046
      62051     -128072
      20374         -41
      47605       58804
      60537     -113964
      38976      -37303
     -71090      -50947
      69889       -8486
     102504       -2660
      15849      -30963
     -71786       -2930
      15840       52209
     -34162      -58124
      17132      -40955
     -55528      -73208
     -14277        8559
     -64988      -24970
      48241       49358
      26512      -42243
     -77646       71477
     -42435       30102
     -24123        7480
     -97780       60077
      51825      -72890
     -11626      117052
      12496      -64746
     -52077       87431
      51328      -73898
    -126146       77399
      57434      -51633
      77052      133122
    -108634       30614
      16177      124534
      58717       96445
      70491      -51577
     -17766     -102756
     113582       52871
      26909       18426
     -11055       94600
     -22027       84309
      -2487      -25980
     -75730      -36446
      25517     -117881
    -144025      -23176
     -78045      -17404
      34428        4089
      78244     -105442
      28689       57709
    -131057       47178
      62954     -152437
      74974      -32561
     -41616      101388
     -28473       64351
      19423       14673
    -134867      -29373
      -7079      100926
     -14282      104254
      93544       30102
     -40337      -17395
     -64797       -9291
      51077     -111454
     -31658        3720
      19193      -51535
       5888      -22210
     -72602        -476
      84166      -61704
     -40769     -143285
     -45554       13263
     -15905      126967
     -31654     -106502
     133794      -49653
      77245      -23936
     -81069       28165
      89642      -20189
     -36629      -28296
      -2403        4061
      69038           0
      -2403       -4061
     -36629       28296
      89642       20189
     -81069      -28165
      77245       23936
     133794       49653
     -31654      106502
     -15905     -126967
     -45554      -13263
     -40769      143285
      84166       61704
     -72602         476
       5888       22210
      19193       51535
     -31658       -3720
      51077      111454
     -64797        9291
     -40337       17395
      93544      -30102
     -14282     -104254
      -7079     -100926
    -134867       29373
      19423      -14673
     -28473      -64351
     -41616     -101388
      74974       32561
      62954      152437
    -131057      -47178
      28689      -57709
      78244      105442
      34428       -4089
     -78045       17404
    -144025       23176
      25517      117881
     -75730       36446
      -2487       25980
     -22027      -84309
     -11055      -94600
      26909      -18426
     113582      -52871
     -17766      102756
      70491       51577
      58717      -96445
      16177     -124534
    -108634      -30614
      77052     -133122
      57434       51633
    -126146      -77399
      51328       73898
     -52077      -87431
      12496       64746
     -11626     -117052
      51825       72890
     -97780      -60077
     -24123       -7480
     -42435      -30102
     -77646      -71477
      26512       42243
      48241      -49358
     -64988       24970
     -14277       -8559
     -55528       73208
      17132       40955
     -34162       58124
      15840      -52209
     -71786        2930
      15849       30963
     102504        2660
      69889        8486
     -71090       50947
      38976       37303
      60537      113964
      47605      -58804
      20374          41
      62051      128072
    -158788      -37046
      11290       81126
     -71523     -101787
     -21294       14702
     -44866      -37097
      52784      -40815
      47132       99756
      39152      -24624
      66253        8418
     -14559       60305
     -31901       40675
     -89700       48834
      55266      -26381
       6801      -49726
      29357      -25568
      27929       45419
      50259       -8296
       4224       97618
     119481      100079
     -48113      -36960
    -113331        5164
     -15758      -95073
     -50010       32920
      57897        6691
     -14455       26146
      15740       74833
      99416      110861
       5670      -39924
     101521      -65953
     -11401       50409
     -31623      -21149
      69645       -1544
       2244       84610
     -22574      164776
       7925     -152507
      60151      -10085
      11219      119700
     -61004       84404
     -33629       33279
      38422      -49282
     133736       81802
     -55350      -98994
      -8653       62951
     -19940      113393
      42115      -65257
     -27536       59534
      13572       -5767
     -25275      -32880
      25605      -90587
    -137046     -160909
     -48417      -42286
     -83869      -59233
     118517           0
     -25312       79509
      70953      -66168
     162846      -16262
      13714      -44892
     -17003      -56141
      62782      117392
     133675      -21019
     -28593      -30227
       7483       62392
      13831      109674
      43272      166131
      -4677       39131
      57036     -140777
      73645      -20615
      87514        2067
      48049     -122444
     -25600       60434
      68648       -1955
      76279       37944
      46739       10846
     -80424       33649
     -21766      109502
      61916       17422
      69907      -64691
      52299       65064
      62933        8854
     -22042      -73901
      58746       17539
     -29751      -68332
     -59591       60692
      73889      -59867
      -6773       36278
     -42304      -96638
     -24947     -112405
     -33768       91546
       9612     -131636
      -7232      -62453
     -88558       43724
      22085        9022
      87254       17708
      35153       67564
     -54979       -8929
      35796      -79184
      39804      -95430
      72156       -7837
     -32819      -26270
     -12466      -37313
     -28576      101411
      -1144       21880
      19623       60834
     -35658      -37608
      24741      -11959
      37026        3650
     108173      108592
      57776       80895
      55013      129816
    -158323       15484
      24737      -27289
     -49056      -89207
     -19482      -12429
     -85566     -155578
      55471       33329
      48243      -33415
     -34114      -13930
      46185      -25795
       5321       20607
     -76406      -14936
      11608       14997
     -68568        7595
      47975      -24159
     -11877       45702
     -38633       55274
       4002       60097
      46843       49792
     -21984      -20678
      -3409       95639
      60848       -4296
     159901       41968
     -48460      -55140
      56386       13769
     -15310      -86233
      99017      -30162
     -76522       52423
      69856       99884
     -63864       29234
     -34769      -59441
    -100353        4534
     -67724       -5436
      -6629       43550
     -42406      -14172
      68488       19841
      72848       12964
     -77586      -78458
      68351      -57499
     -22254      -61852
      28839       62616
      62601      -61861
       2123       24894
     -16591       50972
      23762      -48561
      85698       -4067
       8659       47102
     100873      -97252
      28843       46345
      -4560       35868
     -49366       -3806
     -77148      -55029
    -127987       86912
      39839       73344
     -41046      -76739
     -55632        5902
     -69559       17330
      39858       -7373
       4919       21675
      54686      -89301
      93061       46577
    -142018       40371
      15513      140534
      16815      -64490
      99965      -16645
       8497      123371
     -46034       85762
      59571       44281
     -49192      113234
       -258       34472
     -31521      -37354
     -38176      -63643
      72275           0
     -38176       63643
     -31521       37354
       -258      -34472
     -49192     -113234
      59571      -44281
     -46034      -85762
       8497     -123371
      99965       16645
      16815       64490
      15513     -140534
    -142018      -40371
      93061      -46577
      54686       89301
       4919      -21675
      39858        7373
     -69559      -17330
     -55632       -5902
     -41046       76739
      39839      -73344
    -127987      -86912
     -77148       55029
     -49366        3806
      -4560      -35868
      28843      -46345
     100873       97252
       8659      -47102
      85698        4067
      23762       48561
     -16591      -50972
       2123      -24894
      62601       61861
      28839      -62616
     -22254       61852
      68351       57499
     -77586       78458
      72848      -12964
      68488      -19841
     -42406       14172
      -6629      -43550
     -67724        5436
    -100353       -4534
     -34769       59441
     -63864      -29234
      69856      -99884
     -76522      -52423
      99017       30162
     -15310       86233
      56386      -13769
     -48460       55140
     159901      -41968
      60848        4296
      -3409      -95639
     -21984       20678
      46843      -49792
       4002      -60097
     -38633      -55274
     -11877      -45702
      47975       24159
     -68568       -7595
      11608      -14997
     -76406       14936
       5321      -20607
      46185       25795
     -34114       13930
      48243       33415
      55471      -33329
     -85566      155578
     -19482       12429
     -49056       89207
      24737       27289
    -158323      -15484
      55013     -129816
      57776      -80895
     108173     -108592
      37026       -3650
      24741       11959
     -35658       37608
      19623      -60834
      -1144      -21880
     -28576     -101411
     -12466       37313
     -32819       26270
      72156        7837
      39804       95430
      35796       79184
     -54979        8929
      35153      -67564
      87254      -17708
      22085       -9022
     -88558      -43724
      -7232       62453
       9612      131636
     -33768      -91546
     -24947      112405
     -42304       96638
      -6773      -36278
      73889       59867
     -59591      -60692
     -29751       68332
      58746      -17539
     -22042       73901
      62933       -8854
      52299      -65064
      69907       64691
      61916      -17422
     -21766     -109502
     -80424      -33649
      46739      -10846
      76279      -37944
      68648        1955
     -25600      -60434
      48049      122444
      87514       -2067
      73645       20615
      57036      140777
      -4677      -39131
      43272     -166131
      13831     -109674
       7483      -62392
     -28593       30227
     133675       21019
      62782     -117392
     -17003       56141
      13714       44892
     162846       16262
      70953       66168
     -25312      -79509
     -53738           0
      48460      -99425
      26397      -38582
     113073       37499
     -58810      -29845
    -132169      -30867
      51130     -117187
     -74782      -80021
     -43875      -93155
      29711      -69714
    -126709       42925
      50873       -8333
     -71612       91019
      -8904       84004
       1657       52398
     125367     -104355
     -10645      -79717
      14207      -15025
      -8678        9009
      83716      149199
      50344      -51804
      12211      150150
     -49688     -123828
     -33356      -34677
       6632      -12529
      36698      -30288
      99074       89413
       1129       13934
      42143       38267
      75735      -62816
      55342       75747
     -25059      -34648
      41718      -10207
      -6743       99196
     -14325       32675
      30257      -26121
      81954       64016
     -70823       86279
     -37660      -63217
      20208       31860
      48593      -19353
     -44885      -95215
     -79117      -27209
     -36541        4062
      47911      -48143
     -18948      -50301
     -45137       -3299
      -2212       16664
      21499      -67864
     -23477       -2271
     -72223       52740
    -105709      -53917
     -86454      -32502
     -49349       43835
    -105244       53736
     113994       81457
     -60435       14742
      22474      118291
     -52788      143939
     133542       57708
      -5888     -173883
      54830      183221
     -53485      -36880
       2161        8707
     135357        8894
     177891      -33343
     -51707      116102
    -109632      -27237
      50996        8959
      30682       79930
      30364        9639
      26322       79137
      -4983       57704
      67084       19787
      35722        9820
     -97313      -37019
      -3440       28722
     -60449       26969
      53421      -46322
     -79581      -54881
     -43199       15382
       -586       98698
     -58511       27077
      40022       -1485
      -9073       44289
      56059       21540
     -70849      -98211
     -75073       30489
    -121643      -67547
     -19036      -20644
      64996      109929
      59891       -4621
     -20438     -121404
      29289        -647
      53281       39003
     -76579      -22228
      30308      -31027
     -16567       42672
    -149978     -154645
    -148477        -282
      56209       33039
     -28041      -82502
      30998      -80593
    -115986     -126848
      45198       93037
     -57738      -22569
     -33034       51502
      13719        5212
      17434      -85824
     -94694       87087
      15382       50005
      74531       81841
      -9195      -18775
      95095     -103077
       3809       13036
     -27882      -33526
    -111070       38743
      -7931     -109475
    -125129       10757
     -34777     -129796
      25825      -84593
       6918      -15503
      52222      -20055
     -10915       17947
      92162        7437
        189      -39115
     -18605      -25576
     -70076      -27995
      24132           0
     -70076       27995
     -18605       25576
        189       39115
      92162       -7437
     -10915      -17947
      52222       20055
       6918       15503
      25825       84593
     -34777      129796
    -125129      -10757
      -7931      109475
    -111070      -38743
     -27882       33526
       3809      -13036
      95095      103077
      -9195       18775
      74531      -81841
      15382      -50005
     -94694      -87087
      17434       85824
      13719       -5212
     -33034      -51502
     -57738       22569
      45198      -93037
    -115986      126848
      30998       80593
     -28041       82502
      56209      -33039
    -148477         282
    -149978      154645
     -16567      -42672
      30308       31027
     -76579       22228
      53281      -39003
      29289         647
     -20438      121404
      59891        4621
      64996     -109929
     -19036       20644
    -121643       67547
     -75073      -30489
     -70849       98211
      56059      -21540
      -9073      -44289
      40022        1485
     -58511      -27077
       -586      -98698
     -43199      -15382
     -79581       54881
      53421       46322
     -60449      -26969
      -3440      -28722
     -97313       37019
      35722       -9820
      67084      -19787
      -4983      -57704
      26322      -79137
      30364       -9639
      30682      -79930
      50996       -8959
    -109632       27237
     -51707     -116102
     177891       33343
     135357       -8894
       2161       -8707
     -53485       36880
      54830     -183221
      -5888      173883
     133542      -57708
     -52788     -143939
      22474     -118291
     -60435      -14742
     113994      -81457
    -105244      -53736
     -49349      -43835
     -86454       32502
    -105709       53917
     -72223      -52740
     -23477        2271
      21499       67864
      -2212      -16664
     -45137        3299
     -18948       50301
      47911       48143
     -36541       -4062
     -79117       27209
     -44885       95215
      48593       19353
      20208      -31860
     -37660       63217
     -70823      -86279
      81954      -64016
      30257       26121
     -14325      -32675
      -6743      -99196
      41718       10207
     -25059       34648
      55342      -75747
      75735       62816
      42143      -38267
       1129      -13934
      99074      -89413
      36698       30288
       6632       12529
     -33356       34677
     -49688      123828
      12211     -150150
      50344       51804
      83716     -149199
      -8678       -9009
      14207       15025
     -10645       79717
     125367      104355
       1657      -52398
      -8904      -84004
     -71612      -91019
      50873        8333
    -126709      -42925
      29711       69714
     -43875       93155
     -74782       80021
      51130      117187
    -132169       30867
     -58810       29845
     113073      -37499
      26397       38582
      48460       99425
     -42983           0
      12135       -3777
      48279      -12341
      32470       39099
     -38955      110068
      -1098      -48217
     -83225       81630
     -15453      -51555
      41018     -158442
      24787      -16750
     -81239       64800
      21591       -3382
      23348      -55276
      47345       14808
     174886       21915
      46653      -43590
      58055      -13265
      29614       -8100
     -15615       -4790
     128388     -110728
      54062       17985
       2122       31970
     -55958       25313
      21831      -75453
     -21838       48346
     -37509      -96939
     -28203      -77268
      39547      119708
     -23064      -11519
     -66376       56869
     -20096      -26252
      28725       41394
     -10632       53066
      59405      -12200
     -56061       52022
     121365     -100561
      87489       78697
      -7345       20489
      37283        9997
      13662      -14401
     -43441       90949
      45848       87909
    -160325       62806
        321      -46640
     -53880      -56228
       4259       82089
     -31452       13141
     -37902       36707
     -42229      133396
      32268      155202
      25491       21631
      89367      -19573
     112497      -31541
     -26289      -35570
      60260     -114145
      44089      -37950
     -85495       26046
      98267      -46675
      44059      154544
      62408     -101513
     100253        7353
      32502       69936
        627       63975
      88963      -68302
     -38876       50986
     -74037      -19830
       2745       57885
      -8550       57292
      39381       16397
     -17110        3357
      -8931       20240
     -78911      -50317
      13559       33254
     -19155       -3644
      38040      -28061
     -23441       65298
     -26863       18359
     -62959      -75723
    -132637      -81093
     -37552      -51606
     -29231      -74614
      96162       77257
      74332       66955
     132007     -106517
      60740       58902
     -22423       28644
     -12563      -42248
      14380      -48119
      31571       69281
     -16986      -27943
     -57715      -98395
    -148067     -133179
     106987      -41473
    -100727      -90387
      71931      -53984
     -52399      129146
      25414      -44948
     -37927      -31960
     -93134      -46670
      30746       25239
      18396       19943
      -3871      -44152
    -115909      -32920
     -35303      -14909
     -78588      -21814
      71177       25051
     -99022      -86213
      27424       -5366
     -98146        2319
    -181882      171426
      96679      -64908
     136754     -111142
      24845      -29371
      83579      -46790
       5484       71859
     124411      160314
    -125750     -105004
      35983       -2094
     -55681     -121196
     -51645     -105096
     -45066       29594
     -48407       26855
     118361      -51510
     -70456       41997
      20705       75256
    -101166       44315
      17149      -10483
       8263       56779
     -85677           0
       8263      -56779
      17149       10483
    -101166      -44315
      20705      -75256
     -70456      -41997
     118361       51510
     -48407      -26855
     -45066      -29594
     -51645      105096
     -55681      121196
      35983        2094
    -125750      105004
     124411     -160314
       5484      -71859
      83579       46790
      24845       29371
     136754      111142
      96679       64908
    -181882     -171426
     -98146       -2319
      27424        5366
     -99022       86213
      71177      -25051
     -78588       21814
     -35303       14909
    -115909       32920
      -3871       44152
      18396      -19943
      30746      -25239
     -93134       46670
     -37927       31960
      25414       44948
     -52399     -129146
      71931       53984
    -100727       90387
     106987       41473
    -148067      133179
     -57715       98395
     -16986       27943
      31571      -69281
      14380       48119
     -12563       42248
     -22423      -28644
      60740      -58902
     132007      106517
      74332      -66955
      96162      -77257
     -29231       74614
     -37552       51606
    -132637       81093
     -62959       75723
     -26863      -18359
     -23441      -65298
      38040       28061
     -19155        3644
      13559      -33254
     -78911       50317
      -8931      -20240
     -17110       -3357
      39381      -16397
      -8550      -57292
       2745      -57885
     -74037       19830
     -38876      -50986
      88963       68302
        627      -63975
      32502      -69936
     100253       -7353
      62408      101513
      44059     -154544
      98267       46675
     -85495      -26046
      44089       37950
      60260      114145
     -26289       35570
     112497       31541
      89367       19573
      25491      -21631
      32268     -155202
     -42229     -133396
     -37902      -36707
     -31452      -13141
       4259      -82089
     -53880       56228
        321       46640
    -160325      -62806
      45848      -87909
     -43441      -90949
      13662       14401
      37283       -9997
      -7345      -20489
      87489      -78697
     121365      100561
     -56061      -52022
      59405       12200
     -10632      -53066
      28725      -41394
     -20096       26252
     -66376      -56869
     -23064       11519
      39547     -119708
     -28203       77268
     -37509       96939
     -21838      -48346
      21831       75453
     -55958      -25313
       2122      -31970
      54062      -17985
     128388      110728
     -15615        4790
      29614        8100
      58055       13265
      46653       43590
     174886      -21915
      47345      -14808
      23348       55276
      21591        3382
     -81239      -64800
      24787       16750
      41018      158442
     -15453       51555
     -83225      -81630
      -1098       48217
     -38955     -110068
      32470      -39099
      48279       12341
      12135        3777
     -38165           0
      24690      -92950
      42497       23876
     -76879     -106632
      63253      -51507
     -78959       56780
     -49666       54313
      14739        3669
     130273      157203
     -18871       63627
      78674     -191211
     -83889     -101142
      46192     -121016
      21516      -55204
      15652      -29206
      18408      -77037
     -75434      -59986
      79388       46920
     -14323       28407
      46101      -18433
      18069       34225
     -37562       41870
     -46021       10406
     -45665       37279
    -125827        8911
     -82787      -36029
      44675        2035
     -49643      -88765
      13879        5614
     -49018      -82955
      52610      -76421
      21735      -96058
      39254      -48239
     -13685      -24072
      22951      -32680
     -31736       35119
     -28272     -189753
     -17815      -66741
      14500       35683
     141539       84746
      20709      -48067
     -74187      -33877
      12820       24266
      15068      -60113
     -46459       27824
      67283     -101020
      19929      -27556
       3706      -17904
      -5670       71362
     -81718      -52989
      57315      154485
      97518      -22038
     -44708       35683
      51046      -12840
      -3099      -13473
      10402       16228
     -61028      -34004
      31278     -139252
      70645       31488
      11927      -47091
     -90908      -87456
     -73751      101062
      33375       74760
     150565       95195
      81147      -73492
      15491       40247
      49429      111950
      98749       42552
     -51152      -32190
     -16545       -3357
      44181      -61268
      -3308      -53706
     -32198      116550
    -139488       23914
     -66643      -37169
      22252     -199712
     -45076       64185
      75308      -97030
     -15309       17179
      74376      -18421
     -23406      -46052
      61862      127346
      76997      -77040
    -125467     -123368
     -69013       -7058
      69098     -110853
     121514      -66280
      60709      -78367
      62155      -50343
     120727        8866
     -36246      -39405
      28505        -517
      -5076      -79271
     -77062       34765
      44241        4276
      14727       58214
     -34212       -8849
      72451       28076
    -126482      -84541
      89248      -87505
     -42523       79540
      79461       -6081
      52659       79875
     -49051       47871
     -32001      -28285
      13899       38401
      13023       -3504
      32588      104566
     -22793       62267
      30899      100555
    -119567       48199
     110984      -40742
       8650       29268
     -91238      -15869
      65498       54420
      -1894         532
      11532       44146
     -31641     -119370
       7900       33489
      64249        6517
     -61403      -24947
     -43961      -67973
      41068       87125
      -8099      -22858
     144671       27355
      -5503      -29194
     -42525      -28914
     -23950     -126570
      82387           0
     -23950      126570
     -42525       28914
      -5503       29194
     144671      -27355
      -8099       22858
      41068      -87125
     -43961       67973
     -61403       24947
      64249       -6517
       7900      -33489
     -31641      119370
      11532      -44146
      -1894        -532
      65498      -54420
     -91238       15869
       8650      -29268
     110984       40742
    -119567      -48199
      30899     -100555
     -22793      -62267
      32588     -104566
      13023        3504
      13899      -38401
     -32001       28285
     -49051      -47871
      52659      -79875
      79461        6081
     -42523      -79540
      89248       87505
    -126482       84541
      72451      -28076
     -34212        8849
      14727      -58214
      44241       -4276
     -77062      -34765
      -5076       79271
      28505         517
     -36246       39405
     120727       -8866
      62155       50343
      60709       78367
     121514       66280
      69098      110853
     -69013        7058
    -125467      123368
      76997       77040
      61862     -127346
     -23406       46052
      74376       18421
     -15309      -17179
      75308       97030
     -45076      -64185
      22252      199712
     -66643       37169
    -139488      -23914
     -32198     -116550
      -3308       53706
      44181       61268
     -16545        3357
     -51152       32190
      98749      -42552
      49429     -111950
      15491      -40247
      81147       73492
     150565      -95195
      33375      -74760
     -73751     -101062
     -90908       87456
      11927       47091
      70645      -31488
      31278      139252
     -61028       34004
      10402      -16228
      -3099       13473
      51046       12840
     -44708      -35683
      97518       22038
      57315     -154485
     -81718       52989
      -5670      -71362
       3706       17904
      19929       27556
      67283      101020
     -46459      -27824
      15068       60113
      12820      -24266
     -74187       33877
      20709       48067
     141539      -84746
      14500      -35683
     -17815       66741
     -28272      189753
     -31736      -35119
      22951       32680
     -13685       24072
      39254       48239
      21735       96058
      52610       76421
     -49018       82955
      13879       -5614
     -49643       88765
      44675       -2035
     -82787       36029
    -125827       -8911
     -45665      -37279
     -46021      -10406
     -37562      -41870
      18069      -34225
      46101       18433
     -14323      -28407
      79388      -46920
     -75434       59986
      18408       77037
      15652       29206
      21516       55204
      46192      121016
     -83889      101142
      78674      191211
     -18871      -63627
     130273     -157203
      14739       -3669
     -49666      -54313
     -78959      -56780
      63253       51507
     -76879      106632
      42497      -23876
      24690       92950
    -112688           0
     -37457      -74534
     -42936       36787
       5078       69482
      91617      -76622
      15588       -5992
     102478      155554
      -9116      -85593
     -16309      -15351
       7387       68498
     -69480       56868
     -59915      -27480
      46716       32865
     -18756      -68091
     -26422     -139822
      15669      -24268
     -87339       86445
      -4747       88540
     -23488          60
     -87325       15704
      45187       10441
     -41944      131504
      -4575       35770
     -97462     -146439
     -40163       49883
      -9996       93383
     -22622       -4950
       7364      -95090
     -54847        3175
     107906       15159
      62333      -56635
       6839       27825
     121732      -27719
      87811       24761
      18964     -139374
      53571     -115599
      55738      -43550
      -1808      -18114
      -1815      -25206
      66779      -23399
      30893        2834
       2621       64826
     116736      -30842
     -35249       -8435
     -19687       23398
      76331       50169
      44525       -3531
     -40188      -61903
      28329     -110194
     -87620      -16982
      79149       54391
      46454      -80993
      50456     -106826
     -15481      -79179
     -55622       78279
     -71225        2496
     -61243      -13373
     -66478       80376
      95354        9013
     -41028       25286
      75302      -29221
     -15511       27180
     -61528       26559
     -34492       51997
     -56403      113553
     -68060      -74547
     -80174      -99985
      -6195      -44098
     -33084       53357
      -1006       74390
     -84478      -64169
     -39410      -19234
      78107       50773
     -72347        3878
      61150       55485
     -43247       50977
     -36156     -101188
      80414       64337
      41311      144331
      37168      -30340
      83241       19986
    -156224      -40573
     -15321      -66929
      47643      -13627
      -2173      -10374
      -5991      128817
     -50502       53606
     -37689       54926
     -14169       32810
     -22311       48039
      61595        5734
     -92658       79986
      47242      -23634
    -108583       89395
     -32886       34870
      87107       62799
       2368      -26403
     -37989      -25313
     -19375      -84691
     -93082       95869
     -20785      -27549
      35298      -56098
    -120770      -52958
      -2776       39873
     -20833       37491
      97318       53433
      14241      142974
     -74416       10436
     -36463      -37931
     -31849      -62568
      76292       25446
       6055      -13162
      57653      -95639
     -50233      125502
    -117758       97878
     162400       54107
    -112992      137447
      51571       -6460
     -21724      -50354
      25389       78524
    -118811        7187
     -61932      -21887
      33410      -78464
     -46966      -53420
     -11479      127676
    -107584       30592
      34978      -67401
      40761       60834
     149110           0
      40761      -60834
      34978       67401
    -107584      -30592
     -11479     -127676
     -46966       53420
      33410       78464
     -61932       21887
    -118811       -7187
      25389      -78524
     -21724       50354
      51571        6460
    -112992     -137447
     162400      -54107
    -117758      -97878
     -50233     -125502
      57653       95639
       6055       13162
      76292      -25446
     -31849       62568
     -36463       37931
     -74416      -10436
      14241     -142974
      97318      -53433
     -20833      -37491
      -2776      -39873
    -120770       52958
      35298       56098
     -20785       27549
     -93082      -95869
     -19375       84691
     -37989       25313
       2368       26403
      87107      -62799
     -32886      -34870
    -108583      -89395
      47242       23634
     -92658      -79986
      61595       -5734
     -22311      -48039
     -14169      -32810
     -37689      -54926
     -50502      -53606
      -5991     -128817
      -2173       10374
      47643       13627
     -15321       66929
    -156224       40573
      83241      -19986
      37168       30340
      41311     -144331
      80414      -64337
     -36156      101188
     -43247      -50977
      61150      -55485
     -72347       -3878
      78107      -50773
     -39410       19234
     -84478       64169
      -1006      -74390
     -33084      -53357
      -6195       44098
     -80174       99985
     -68060       74547
     -56403     -113553
     -34492      -51997
     -61528      -26559
     -15511      -27180
      75302       29221
     -41028      -25286
      95354       -9013
     -66478      -80376
     -61243       13373
     -71225       -2496
     -55622      -78279
     -15481       79179
      50456      106826
      46454       80993
      79149      -54391
     -87620       16982
      28329      110194
     -40188       61903
      44525        3531
      76331      -50169
     -19687      -23398
     -35249        8435
     116736       30842
       2621      -64826
      30893       -2834
      66779       23399
      -1815       25206
      -1808       18114
      55738       43550
      53571      115599
      18964      139374
      87811      -24761
     121732       27719
       6839      -27825
      62333       56635
     107906      -15159
     -54847       -3175
       7364       95090
     -22622        4950
      -9996      -93383
     -40163      -49883
     -97462      146439
      -4575      -35770
     -41944     -131504
      45187      -10441
     -87325      -15704
     -23488         -60
      -4747      -88540
     -87339      -86445
      15669       24268
     -26422      139822
     -18756       68091
      46716      -32865
     -59915       27480
     -69480      -56868
       7387      -68498
     -16309       15351
      -9116       85593
     102478     -155554
      15588        5992
      91617       76622
       5078      -69482
     -42936      -36787
     -37457       74534
     -41097           0
       5301      -37039
      -8120       18108
      71194       31035
      17965     -123909
      27388       -6946
      26615       40377
      32830      -27723
     145072       44460
      26786       -1326
     -35789       78648
     112509     -103442
     -85805        5278
    -127529      156655
      56107      -56659
      93172       48969
      14922       32164
      17539      -49669
    -171844       59883
     -25006       73540
      33790       13316
       1118      -18251
     -31163     -136064
     -16594       -1062
      67807      -60228
    -119091      -65873
     -42450       38156
      38891       26583
     -87227      -32132
      66740       30028
     -40660     -134661
      83538     -116131
      19125      -55116
     -68226       10247
     -31958     -114350
       5385       36724
     -87156       56601
       6560      -31188
      -5276       10782
      51033      -64267
     -28970       62595
      18310       -5504
      18123      -12805
      49787      -84498
      92463      -69766
      37821      -11790
      21595       69688
      57025         125
     -40057       31975
      58967       22074
     -61854       47990
     -10581       23425
     134366      -92292
      54561       56248
     -17821      -78357
     -50379       57683
      42703     -150142
      11035       90256
     -61422       24651
      49557     -101342
       2512       12779
      87999      -56270
      55481       97461
       -176       51786
       9850       42435
     123330      -23552
      50197       47755
      85187       72808
     -17040      -36237
      29559        7950
     -31198      -25587
      80239      -53464
     -19087       39584
     116815       96465
    -126757      -34349
    -103113      -61450
      -7556      -33076
     -28069      -15761
     -86546      -28386
    -106985      -40554
      50811      -79579
      46273        5219
      55423      -19844
     -67719       65664
      15313      -65288
      67033       28314
     -38647        7159
      83302      -49594
      18004       44009
     -51775      -10669
      75570       20750
      -4494      -57012
    -154066       77459
     -26079       61398
      40780       90700
       -340       77161
     -42035       -4906
      -4200       14903
     -30430      -23835
     -44062       95630
     -73955      -20934
      22031       59075
     -90212       -9216
     -46719       84345
      25743       87662
      85330       28688
      26043       46544
     157266      101477
     -55358      -99470
      43572      -22910
      65610       48983
      34415       67681
     -75716      -47866
     -37374       11669
     -30587       28405
      42695      130325
      34051     -108634
    -131761      -79056
    -101301      -18420
     -33930       33256
     106152      -13754
      63672       -9263
      45733       68887
      -9804      -13674
     100071      -61697
    -105164      -22567
      49254       22746
     -75779     -133345
      81313           0
     -75779      133345
      49254      -22746
    -105164       22567
     100071       61697
      -9804       13674
      45733      -68887
      63672        9263
     106152       13754
     -33930      -33256
    -101301       18420
    -131761       79056
      34051      108634
      42695     -130325
     -30587      -28405
     -37374      -11669
     -75716       47866
      34415      -67681
      65610      -48983
      43572       22910
     -55358       99470
     157266     -101477
      26043      -46544
      85330      -28688
      25743      -87662
     -46719      -84345
     -90212        9216
      22031      -59075
     -73955       20934
     -44062      -95630
     -30430       23835
      -4200      -14903
     -42035        4906
       -340      -77161
      40780      -90700
     -26079      -61398
    -154066      -77459
      -4494       57012
      75570      -20750
     -51775       10669
      18004      -44009
      83302       49594
     -38647       -7159
      67033      -28314
      15313       65288
     -67719      -65664
      55423       19844
      46273       -5219
      50811       79579
    -106985       40554
     -86546       28386
     -28069       15761
      -7556       33076
    -103113       61450
    -126757       34349
     116815      -96465
     -19087      -39584
      80239       53464
     -31198       25587
      29559       -7950
     -17040       36237
      85187      -72808
      50197      -47755
     123330       23552
       9850      -42435
       -176      -51786
      55481      -97461
      87999       56270
       2512      -12779
      49557      101342
     -61422      -24651
      11035      -90256
      42703      150142
     -50379      -57683
     -17821       78357
      54561      -56248
     134366       92292
     -10581      -23425
     -61854      -47990
      58967      -22074
     -40057      -31975
      57025        -125
      21595      -69688
      37821       11790
      92463       69766
      49787       84498
      18123       12805
      18310        5504
     -28970      -62595
      51033       64267
      -5276      -10782
       6560       31188
     -87156      -56601
       5385      -36724
     -31958      114350
     -68226      -10247
      19125       55116
      83538      116131
     -40660      134661
      66740      -30028
     -87227       32132
      38891      -26583
     -42450      -38156
    -119091       65873
      67807       60228
     -16594        1062
     -31163      136064
       1118       18251
      33790      -13316
     -25006      -73540
    -171844      -59883
      17539       49669
      14922      -32164
      93172      -48969
      56107       56659
    -127529     -156655
     -85805       -5278
     112509      103442
     -35789      -78648
      26786        1326
     145072      -44460
      32830       27723
      26615      -40377
      27388        6946
      17965      123909
      71194      -31035
      -8120      -18108
       5301       37039
     -78334           0
      69028       92937
      52033      -47964
     -90918       55000
      36087     -119212
     -41165       14321
      46926      -40340
       8312      -20083
      59164      -50440
     -30395       -6344
      12711      -57663
      41112      -61546
      45137        4358
     -32559       65255
     -29207      126741
     -51605      -19005
      32148       64633
     -40940       52835
      43137       68955
     -64521       17114
      35663       41579
     -58757      -64296
      18248      -75378
     -20604      -68903
     -33252      121440
     -13894       62859
     171832       18270
      70784        4540
       2316       -3384
       9964     -109790
     -71955      -92512
       3986     -136634
      86840       12724
     -33057       29649
     -17770       34277
     -58436       43549
       5328      -56187
      96795       49131
      49780       -9832
     -19776      -80578
     -82591      -71800
    -162493      -23003
      88061     -100246
      31808       15602
     -32706      -82125
      -4458       28279
     114471     -112123
      19704       85641
      66273       32804
       9315       71444
     -86838       39138
      61660       24024
      65031      -98524
     -69087       32340
     -67596      -93201
    -123589       -4550
     -52708       47361
     -65044        8882
      73182       62785
     -68466       17863
      46366       98182
     -20836      -15253
      51400       19004
     -53611       66831
     -37142       12500
      60413        8167
      91300      -66344
       3340        4041
     -38980       20774
      76504       49491
      32748      -65447
     -51452        8212
     -23140      -30641
      42515      -51082
       6950       77739
      16913      -69810
      22327       58528
      25036      106404
     -68380      144928
      42323      -11042
      35389     -159314
     -54804      112253
     -77853       33137
       4482       76233
      41318      -26505
      -5450     -112068
     -35847      -19216
      38935       40217
    -112127        9856
      54416      -55412
     -17248      114020
     -94963      -90475
     -17936        7625
      -2178       28123
      16870      161899
      67647      -18099
      57914       18190
      77132      -38594
      -6193       94542
      66966      -43540
      37640       15976
    -145452      -17690
     -65328      -75578
      61570      -29503
     205166      -47384
     -67826       19049
     -34254        7564
     -63673      -88654
      77293      -46149
     -42611       47404
      85349      -43969
     113956       45575
     143398      -90553
      90763      -51635
     -68631       82379
      27923      -41797
      13121      -57906
     105206      -34384
      42151      -86115
     142769      -63000
     -61648      -58978
     120556         591
      30404       42312
      32115       48717
      21755      -66864
     -17190      -36758
      37851      -59384
      16182       33261
     -60650           0
      16182      -33261
      37851       59384
     -17190       36758
      21755       66864
      32115      -48717
      30404      -42312
     120556        -591
     -61648       58978
     142769       63000
      42151       86115
     105206       34384
      13121       57906
      27923       41797
     -68631      -82379
      90763       51635
     143398       90553
     113956      -45575
      85349       43969
     -42611      -47404
      77293       46149
     -63673       88654
     -34254       -7564
     -67826      -19049
     205166       47384
      61570       29503
     -65328       75578
    -145452       17690
      37640      -15976
      66966       43540
      -6193      -94542
      77132       38594
      57914      -18190
      67647       18099
      16870     -161899
      -2178      -28123
     -17936       -7625
     -94963       90475
     -17248     -114020
      54416       55412
    -112127       -9856
      38935      -40217
     -35847       19216
      -5450      112068
      41318       26505
       4482      -76233
     -77853      -33137
     -54804     -112253
      35389      159314
      42323       11042
     -68380     -144928
      25036     -106404
      22327      -58528
      16913       69810
       6950      -77739
      42515       51082
     -23140       30641
     -51452       -8212
      32748       65447
      76504      -49491
     -38980      -20774
       3340       -4041
      91300       66344
      60413       -8167
     -37142      -12500
     -53611      -66831
      51400      -19004
     -20836       15253
      46366      -98182
     -68466      -17863
      73182      -62785
     -65044       -8882
     -52708      -47361
    -123589        4550
     -67596       93201
     -69087      -32340
      65031       98524
      61660      -24024
     -86838      -39138
       9315      -71444
      66273      -32804
      19704      -85641
     114471      112123
      -4458      -28279
     -32706       82125
      31808      -15602
      88061      100246
    -162493       23003
     -82591       71800
     -19776       80578
      49780        9832
      96795      -49131
       5328       56187
     -58436      -43549
     -17770      -34277
     -33057      -29649
      86840      -12724
       3986      136634
     -71955       92512
       9964      109790
       2316        3384
      70784       -4540
     171832      -18270
     -13894      -62859
     -33252     -121440
     -20604       68903
      18248       75378
     -58757       64296
      35663      -41579
     -64521      -17114
      43137      -68955
     -40940      -52835
      32148      -64633
     -51605       19005
     -29207     -126741
     -32559      -65255
      45137       -4358
      41112       61546
      12711       57663
     -30395        6344
      59164       50440
       8312       20083
      46926       40340
     -41165      -14321
      36087      119212
     -90918      -55000
      52033       47964
      69028      -92937
     -35830           0
      14550      150890
    -150668       85658
     -32690       -9432
     -20202       38689
      31187      -47687
       6245       25241
     -62967      -59637
    -120503      -32767
      60800      -63672
    -106932        -414
      25441      -78949
     -67760      -96781
      44308      -34625
     -73634     -136484
     102498       17655
      14280       77852
      62798      -46722
     -94911       57961
      61912       -4543
      15060      -27624
     -43904      -22554
     -36408       53991
      33065       50501
      77266     -125059
       -908       67413
     -76658        6934
     -13426       30667
     -12860        9421
     -30354       26207
       2316      -33431
     -11203      -63741
      66264      -88423
     134631       35220
      19937       24622
     -12177       33428
     -47455       51147
     -39968      -62967
      48127       59999
     -51570      -10320
      21735      101190
      22373       97967
     -49994       44039
    -108589      -68938
     100130     -144795
     -57280       26815
     -18793      -59846
     -51124       32175
      30297       -9785
    -146253      -28819
      21411      -11714
      10735      -70770
    -107762      -75911
       4104      -35394
      43280      128474
      43138      -47916
     -33699      -92885
     -59021       66070
      42826      -30215
      18643        5743
      19002      -99952
      30096      -80501
      41852       71528
      90240       58335
       7533      122592
     -45782       -2253
      15578       59624
     -68330      -73585
     -34822     -127472
     -40973       33189
     -97254      -63141
     -57355       17484
     -82927      -75285
      46780       31992
     -40536      -20178
     -34912      -39590
      83260       55717
      58871       83668
     -85589       44224
     -38765      -60709
      76491       40091
     -50850     -116905
     -41267        6362
     107956      -21241
     -34158       17971
      -4551      -14270
    -136896       49989
     125447       -5359
     118761       38178
      24036       -5310
     -25387     -121049
     -78302       65395
      55505      -61235
     -39115      -17984
      60437      -41976
     -87665     -155278
      63794      -29017
    -143359       52133
      20158      -69081
      22186       -1681
      15734       10367
     -26516       42765
     -52066      -44910
    -106966       93523
      23954      -21051
      11303        7415
      38854       27477
     -30648       47206
    -106480      -48370
      45256      -11291
     100055       13465
      73108       37822
     -56908        2624
      96324        1309
      81368      -80226
     -26774       -2199
      65350      140103
     -48229       -8669
      48600       81910
      52614      -69484
     -12763      110541
      29487       42533
      -5833      -16353
        227       12303
     152578      -18367
     -17720     -101176
     -55690      -19634
      90756        1058
     -92280           0
      90756       -1058
     -55690       19634
     -17720      101176
     152578       18367
        227      -12303
      -5833       16353
      29487      -42533
     -12763     -110541
      52614       69484
      48600      -81910
     -48229        8669
      65350     -140103
     -26774        2199
      81368       80226
      96324       -1309
     -56908       -2624
      73108      -37822
     100055      -13465
      45256       11291
    -106480       48370
     -30648      -47206
      38854      -27477
      11303       -7415
      23954       21051
    -106966      -93523
     -52066       44910
     -26516      -42765
      15734      -10367
      22186        1681
      20158       69081
    -143359      -52133
      63794       29017
     -87665      155278
      60437       41976
     -39115       17984
      55505       61235
     -78302      -65395
     -25387      121049
      24036        5310
     118761      -38178
     125447        5359
    -136896      -49989
      -4551       14270
     -34158      -17971
     107956       21241
     -41267       -6362
     -50850      116905
      76491      -40091
     -38765       60709
     -85589      -44224
      58871      -83668
      83260      -55717
     -34912       39590
     -40536       20178
      46780      -31992
     -82927       75285
     -57355      -17484
     -97254       63141
     -40973      -33189
     -34822      127472
     -68330       73585
      15578      -59624
     -45782        2253
       7533     -122592
      90240      -58335
      41852      -71528
      30096       80501
      19002       99952
      18643       -5743
      42826       30215
     -59021      -66070
     -33699       92885
      43138       47916
      43280     -128474
       4104       35394
    -107762       75911
      10735       70770
      21411       11714
    -146253       28819
      30297        9785
     -51124      -32175
     -18793       59846
     -57280      -26815
     100130      144795
    -108589       68938
     -49994      -44039
      22373      -97967
      21735     -101190
     -51570       10320
      48127      -59999
     -39968       62967
     -47455      -51147
     -12177      -33428
      19937      -24622
     134631      -35220
      66264       88423
     -11203       63741
       2316       33431
     -30354      -26207
     -12860       -9421
     -13426      -30667
     -76658       -6934
       -908      -67413
      77266      125059
      33065      -50501
     -36408      -53991
     -43904       22554
      15060       27624
      61912        4543
     -94911      -57961
      62798       46722
      14280      -77852
     102498      -17655
     -73634      136484
      44308       34625
     -67760       96781
      25441       78949
    -106932         414
      60800       63672
    -120503       32767
     -62967       59637
       6245      -25241
      31187       47687
     -20202      -38689
     -32690        9432
    -150668      -85658
      14550     -150890
     147290           0
     -52064       38621
    -137947      -45448
      53827     -169619
      47187         897
     -22405        -449
      66199      102472
      -3645        2063
      15025      114320
      76060      -25226
      84298      -35263
      95010     -117974
      30048      138194
      42611       40589
      75928       16971
      59427      -31403
     -50524        5434
      26628        -841
     -85737        4007
      -1290       42177
     -23357      -66796
       9827        3243
      45168      -44443
     -11049      -80996
      33709       81929
     106878      -73537
      12933       -7859
     -61284      125581
      12333      -25549
      -2150       22525
      15326      -50908
     -42721      -67082
      27576      112315
      18984      106925
     -38844       58670
     -10846       45918
     -21861      -20596
     -69722      -35678
     -31390       77335
      77691       85057
     -57637       77006
      88876       17458
     -31518      -18537
      53337      -41642
      35564      -55441
     -43732       52214
      12547      106497
     133853      -29405
     -56635      -39319
     125420          35
      37510      161278
      61632       75620
     -32928      -86981
     -65419      -54511
     -11136       22978
      19802     -121712
      53905        1826
     -78000      -45221
      62112       74552
      30879     -113955
      50867      -50070
     -28341       23529
      11480     -119282
      25044       75798
     158908      -47585
    -106428       -2106
     -27990       64188
     -31295      -10735
      85149      -57702
      26079       -7697
      28424       38586
     -29024      -43521
     149931      122626
     139588      -17206
      75620      -34974
     -80525       47469
     111428      -53211
      58196       25850
     -55988      120320
      89104       58417
     -73855      -62669
     -56605       16869
      45809       44271
     -99704       19554
     -57264       12241
     -46681      -39478
      75938      -24415
      78422       40436
     -17401       92926
      87487        2381
      84948       46161
     -59804      -35108
     -65783      -13166
     -29794       56318
     -13526       88058
       -306       63871
      58556     -114573
     -27457     -113736
      30180      -19188
     -98590      -30727
      38535      -13431
      22202       97127
      99385      -75801
      33916      -20205
     -83451      -87063
      26279       43902
     -39292     -168801
      11573      -44661
      30845      105414
     -39338       82249
       5057       81449
     -97200      -92559
        922      121316
     -54059       54323
      62394       24969
      69569     -131417
     -48424      -67380
      53366      -36526
     -95950       54265
     -16522      -35304
      36943      -60776
      43337       -3933
     -15035      -62782
     -84241       25729
     -62755       56561
     -80947      -15831
       3337     -122470
     -38132      -61291
     -64770           0
     -38132       61291
       3337      122470
     -80947       15831
     -62755      -56561
     -84241      -25729
     -15035       62782
      43337        3933
      36943       60776
     -16522       35304
     -95950      -54265
      53366       36526
     -48424       67380
      69569      131417
      62394      -24969
     -54059      -54323
        922     -121316
     -97200       92559
       5057      -81449
     -39338      -82249
      30845     -105414
      11573       44661
     -39292      168801
      26279      -43902
     -83451       87063
      33916       20205
      99385       75801
      22202      -97127
      38535       13431
     -98590       30727
      30180       19188
     -27457      113736
      58556      114573
       -306      -63871
     -13526      -88058
     -29794      -56318
     -65783       13166
     -59804       35108
      84948      -46161
      87487       -2381
     -17401      -92926
      78422      -40436
      75938       24415
     -46681       39478
     -57264      -12241
     -99704      -19554
      45809      -44271
     -56605      -16869
     -73855       62669
      89104      -58417
     -55988     -120320
      58196      -25850
     111428       53211
     -80525      -47469
      75620       34974
     139588       17206
     149931     -122626
     -29024       43521
      28424      -38586
      26079        7697
      85149       57702
     -31295       10735
     -27990      -64188
    -106428        2106
     158908       47585
      25044      -75798
      11480      119282
     -28341      -23529
      50867       50070
      30879      113955
      62112      -74552
     -78000       45221
      53905       -1826
      19802      121712
     -11136      -22978
     -65419       54511
     -32928       86981
      61632      -75620
      37510     -161278
     125420         -35
     -56635       39319
     133853       29405
      12547     -106497
     -43732      -52214
      35564       55441
      53337       41642
     -31518       18537
      88876      -17458
     -57637      -77006
      77691      -85057
     -31390      -77335
     -69722       35678
     -21861       20596
     -10846      -45918
     -38844      -58670
      18984     -106925
      27576     -112315
     -42721       67082
      15326       50908
      -2150      -22525
      12333       25549
     -61284     -125581
      12933        7859
     106878       73537
      33709      -81929
     -11049       80996
      45168       44443
       9827       -3243
     -23357       66796
      -1290      -42177
     -85737       -4007
      26628         841
     -50524       -5434
      59427       31403
      75928      -16971
      42611      -40589
      30048     -138194
      95010      117974
      84298       35263
      76060       25226
      15025     -114320
      -3645       -2063
      66199     -102472
     -22405         449
      47187        -897
      53827      169619
    -137947       45448
     -52064      -38621
    -153926           0
     155425      109641
     -78890       65546
      25272      -13603
      68842      -48955
      52162      128180
     -36047     -162118
     -98465         403
      43535       88628
       6034      -37520
     -68999      185489
     -43949      -41624
     -17073       36611
        816       -4800
      87317      -71596
    -108569       61581
     -28544     -117729
     111250       27714
     -19491       26004
     -58627      -33655
     -52990      -74383
      56787       16313
      10749      -39276
      87294      -58063
      62337       81158
     -21982       65601
      37601       36035
      27062      -43911
      -7385      -66575
     -63962      106425
      36245      -41983
     -45256      177723
         67      115461
     -18016         547
     -20811      -52933
      61221       -2976
      25726       25125
      65336      -22382
     -16108      -42971
     -66740     -136133
      -6327     -114304
      24745      -95873
      34689      -12703
     -48644        1935
      10984       15910
      59468      -39363
     -65491       28079
      13805       30665
     -10644       43419
     -62386       -5288
     -47462      -18580
     -37446     -106249
     -24361       62493
      27692      -40009
     -40482      -80640
     -88512       55584
     -77788      -17309
     -95939      -51434
      92665      114726
     -86367      -55928
      53330      116611
      72245       13487
      92169      -49211
       8210       64073
     -48695       73042
      32802      -47987
       5593      -70587
     -33219      -99427
     106368      -82671
       -325      -44706
     -87965       35712
      32029       92494
     -30678      -88909
      38314       10314
     -81698     -145774
     -32620       72457
     -29033      -19553
       9024        8365
     147802      -10948
      20196      -79286
     -63446     -103759
     -32305       51415
       5305      -36893
     174184      -17427
      10476        7720
      -5722       84509
      34201       30091
     -43089       40875
       2319      -41688
     -93196       26139
      39558         155
     -81674     -152450
     -46518     -100031
     -88189       63438
      49243      -29129
       4528      -34251
       -411        9463
      37740       34373
      37123      121981
     -75166       19231
     -16599     -166587
      17316      -41435
     -25827      -23151
       9998        1589
      57759       37462
      49138      -39251
     -35063      -89806
      14399       52627
      -8094      -32325
     -51729      -22263
     -51895      -36600
      47138      -77376
      24310      -78323
     -40977     -131305
       4971      -60932
      20326      -99098
      12595       15669
     -95167      -55602
      73275      -53233
      -3172       16602
      14411      -91852
    -133865      -81441
      27563      -46716
     -25934      100434
     -14044      -28877
      46614      -49245
     170272       76258
       5919       41085
      23052           0
       5919      -41085
     170272      -76258
      46614       49245
     -14044       28877
     -25934     -100434
      27563       46716
    -133865       81441
      14411       91852
      -3172      -16602
      73275       53233
     -95167       55602
      12595      -15669
      20326       99098
       4971       60932
     -40977      131305
      24310       78323
      47138       77376
     -51895       36600
     -51729       22263
      -8094       32325
      14399      -52627
     -35063       89806
      49138       39251
      57759      -37462
       9998       -1589
     -25827       23151
      17316       41435
     -16599      166587
     -75166      -19231
      37123     -121981
      37740      -34373
       -411       -9463
       4528       34251
      49243       29129
     -88189      -63438
     -46518      100031
     -81674      152450
      39558        -155
     -93196      -26139
       2319       41688
     -43089      -40875
      34201      -30091
      -5722      -84509
      10476       -7720
     174184       17427
       5305       36893
     -32305      -51415
     -63446      103759
      20196       79286
     147802       10948
       9024       -8365
     -29033       19553
     -32620      -72457
     -81698      145774
      38314      -10314
     -30678       88909
      32029      -92494
     -87965      -35712
       -325       44706
     106368       82671
     -33219       99427
       5593       70587
      32802       47987
     -48695      -73042
       8210      -64073
      92169       49211
      72245      -13487
      53330     -116611
     -86367       55928
      92665     -114726
     -95939       51434
     -77788       17309
     -88512      -55584
     -40482       80640
      27692       40009
     -24361      -62493
     -37446      106249
     -47462       18580
     -62386        5288
     -10644      -43419
      13805      -30665
     -65491      -28079
      59468       39363
      10984      -15910
     -48644       -1935
      34689       12703
      24745       95873
      -6327      114304
     -66740      136133
     -16108       42971
      65336       22382
      25726      -25125
      61221        2976
     -20811       52933
     -18016        -547
         67     -115461
     -45256     -177723
      36245       41983
     -63962     -106425
      -7385       66575
      27062       43911
      37601      -36035
     -21982      -65601
      62337      -81158
      87294       58063
      10749       39276
      56787      -16313
     -52990       74383
     -58627       33655
     -19491      -26004
     111250      -27714
     -28544      117729
    -108569      -61581
      87317       71596
        816        4800
     -17073      -36611
     -43949       41624
     -68999     -185489
       6034       37520
      43535      -88628
     -98465        -403
     -36047      162118
      52162     -128180
      68842       48955
      25272       13603
     -78890      -65546
     155425     -109641
     -97932           0
      19264      -52396
      -7739      -14056
      12879      -44685
        193       68776
      33087      110653
      12434       -4996
       6255      -11276
     -12311      -14853
     -86150      -66763
      -4238       28458
      20514       22552
      50560      -27955
       6893       47604
     -29545      -31783
     -99253       63458
      62879        6636
      19605      -38483
     123036       -3533
      18497       93966
     -67695       61133
    -112345       51539
     -28690      -51346
     -36594      -62415
     -58973      -39884
      96935     -121740
    -121737       85935
     -20032       35121
       4281      -27833
     -13423      105111
     -16919       95894
     -10339       84731
       4127       65500
     134502       27524
      39028       92781
    -141083      -60426
     -42375       -2155
      24271       -2778
     -66707       34186
     -78413       15678
     -47359      -12511
      77626      -84779
     -57886      -34418
     -31449     -132631
      55988       72090
      54178       10784
       5542        2014
      38512        2966
      32874      -79213
      28594     -133316
      24736        5552
     -11533      -20470
      72636       -6937
    -175252        6863
      29106        2509
      13256      -23413
      28195      -84659
     -93743       83630
     -41962      -27388
     -77801      -50170
     -73243      -56442
      41238       56246
     -40210       58057
      -5038     -148284
     -24241       34323
      36032       41906
     -14088       53071
     -18778      -16662
      36319     -112734
     -21229      -71190
     -63942       20334
     154277       45214
      57803      -23357
      -7968         601
      99490       90471
      20554       41815
     -51074       -2757
        847     -147800
     -25138      -62822
     -12504        7490
      29524      -28721
      96004       61792
      35900       23878
     128176       56220
      17504       39642
    -183781      -31683
     -94144       10236
      21898       22671
       1713        6289
      79531      -52490
     -76891      -74274
      30655       57024
     -15017      -11501
       3509      115114
      42830       49485
    -109892      -54304
       3021       23784
      48909       10635
     100005       -8670
     -68499      -10417
      14423      -50363
      -8794        1739
       7099       75815
     -26677      -10928
     -18009       45600
      54598      120747
     -88336       43320
      26467       35239
     -90553      -34643
     -42679       56214
     -34542       -2701
     -75553       59879
       3267       77528
      -5429       46376
      88963      -60525
     -17587        1854
      93450       77441
      30644       -6248
      -5422       -8336
       6710        2203
       4013      -73971
      15163      -12512
      18850        -454
     -76709      -71255
      64715       98468
      53301      -30277
      59053      -33086
      -3862       40998
     137174           0
      -3862      -40998
      59053       33086
      53301       30277
      64715      -98468
     -76709       71255
      18850         454
      15163       12512
       4013       73971
       6710       -2203
      -5422        8336
      30644        6248
      93450      -77441
     -17587       -1854
      88963       60525
      -5429      -46376
       3267      -77528
     -75553      -59879
     -34542        2701
     -42679      -56214
     -90553       34643
      26467      -35239
     -88336      -43320
      54598     -120747
     -18009      -45600
     -26677       10928
       7099      -75815
      -8794       -1739
      14423       50363
     -68499       10417
     100005        8670
      48909      -10635
       3021      -23784
    -109892       54304
      42830      -49485
       3509     -115114
     -15017       11501
      30655      -57024
     -76891       74274
      79531       52490
       1713       -6289
      21898      -22671
     -94144      -10236
    -183781       31683
      17504      -39642
     128176      -56220
      35900      -23878
      96004      -61792
      29524       28721
     -12504       -7490
     -25138       62822
        847      147800
     -51074        2757
      20554      -41815
      99490      -90471
      -7968        -601
      57803       23357
     154277      -45214
     -63942      -20334
     -21229       71190
      36319      112734
     -18778       16662
     -14088      -53071
      36032      -41906
     -24241      -34323
      -5038      148284
     -40210      -58057
      41238      -56246
     -73243       56442
     -77801       50170
     -41962       27388
     -93743      -83630
      28195       84659
      13256       23413
      29106       -2509
    -175252       -6863
      72636        6937
     -11533       20470
      24736       -5552
      28594      133316
      32874       79213
      38512       -2966
       5542       -2014
      54178      -10784
      55988      -72090
     -31449      132631
     -57886       34418
      77626       84779
     -47359       12511
     -78413      -15678
     -66707      -34186
      24271        2778
     -42375        2155
    -141083       60426
      39028      -92781
     134502      -27524
       4127      -65500
     -10339      -84731
     -16919      -95894
     -13423     -105111
       4281       27833
     -20032      -35121
    -121737      -85935
      96935      121740
     -58973       39884
     -36594       62415
     -28690       51346
    -112345      -51539
     -67695      -61133
      18497      -93966
     123036        3533
      19605       38483
      62879       -6636
     -99253      -63458
     -29545       31783
       6893      -47604
      50560       27955
      20514      -22552
      -4238      -28458
     -86150       66763
     -12311       14853
       6255       11276
      12434        4996
      33087     -110653
        193      -68776
      12879       44685
      -7739       14056
      19264       52396
     129540           0
     -48152       16842
      32049      -56080
     -41947      -26184
     -47300       -8373
      59663       60592
       1454      253594
     133806      -64464
     -33585       22269
     -72160       45994
     -58161      -66402
      60245     -146366
      20753      -21108
     -45705       14380
     105927      -79521
     -35510       -3239
      75991      -51186
      -9842       92487
      14496       56485
     -39482       15587
     -17536       78005
     -58274        7345
     -33475      -39100
      61931       16773
      24131       28794
      18298      104475
     124296      130665
       2098     -109541
     -68862      -55376
      95347     -146975
     187405       21205
     -82609      -77784
     -13317      -29449
     -59046       19400
      32967     -131057
      -3473       62338
      -1164       68998
       -421       -6363
     -69914     -145596
      53092      -83203
    -116642      -21172
     -14516      106756
     -23610      -13648
      76198       18181
     -60994      -16473
      93221      -94409
     -29037       36547
      20796      -73809
     -29869       44904
     -14398       40975
      -2704      -83395
     -91964      -40553
      28595      100959
     -75559     -106617
      -4168      -36402
     -20327       90758
     -22902       13877
      59971       10578
       8173       68678
      49402      -36949
      99708      -91813
     -21421       19917
    -110614      -15337
     -83580       76046
     -79727       -9858
     -33026       -6318
      -2958       35569
     -34695      -46543
     -11658       68631
     -46360       45697
    -103091       60990
      81979       43174
    -129670        4939
     -46851      163888
      32826       94824
      78311       19745
    -122125      -77021
     -11386      -58981
     -30224       23703
    -177346       37991
     -37321      -47672
     118630       22833
      -3011       16619
      96973       71435
      41268       64313
     104248       62549
     -17406      -71426
      81336       31038
     -21672      -84940
    -121024       31171
       1922      -50268
       7973       48253
     153622      -41336
      41155       55090
     -84533      -58007
     -98106       -3184
     -29875      -79059
       5005       23256
     -37867       14987
      -3537        6021
     -17596      -99762
      15038       37455
     -57184       -3331
     -59290      -34675
      -1285        6850
      11133      -67201
      25167      -41674
      29264      -80519
      64002      -10585
     -26920       61643
     -33252       62297
      32696      -52483
     -12901       59682
     101254      -54683
     -41699       16613
     134879       95580
      54197      155128
      40103       32540
     -45861       34764
      -5706      -12084
     -43975       76811
     -20360      -40984
      14968       55734
     -72105       64106
     -57742       78219
     -27989        5832
      15567       22502
      62402      -35626
     -35790           0
      62402       35626
      15567      -22502
     -27989       -5832
     -57742      -78219
     -72105      -64106
      14968      -55734
     -20360       40984
     -43975      -76811
      -5706       12084
     -45861      -34764
      40103      -32540
      54197     -155128
     134879      -95580
     -41699      -16613
     101254       54683
     -12901      -59682
      32696       52483
     -33252      -62297
     -26920      -61643
      64002       10585
      29264       80519
      25167       41674
      11133       67201
      -1285       -6850
     -59290       34675
     -57184        3331
      15038      -37455
     -17596       99762
      -3537       -6021
     -37867      -14987
       5005      -23256
     -29875       79059
     -98106        3184
     -84533       58007
      41155      -55090
     153622       41336
       7973      -48253
       1922       50268
    -121024      -31171
     -21672       84940
      81336      -31038
     -17406       71426
     104248      -62549
      41268      -64313
      96973      -71435
      -3011      -16619
     118630      -22833
     -37321       47672
    -177346      -37991
     -30224      -23703
     -11386       58981
    -122125       77021
      78311      -19745
      32826      -94824
     -46851     -163888
    -129670       -4939
      81979      -43174
    -103091      -60990
     -46360      -45697
     -11658      -68631
     -34695       46543
      -2958      -35569
     -33026        6318
     -79727        9858
     -83580      -76046
    -110614       15337
     -21421      -19917
      99708       91813
      49402       36949
       8173      -68678
      59971      -10578
     -22902      -13877
     -20327      -90758
      -4168       36402
     -75559      106617
      28595     -100959
     -91964       40553
      -2704       83395
     -14398      -40975
     -29869      -44904
      20796       73809
     -29037      -36547
      93221       94409
     -60994       16473
      76198      -18181
     -23610       13648
     -14516     -106756
    -116642       21172
      53092       83203
     -69914      145596
       -421        6363
      -1164      -68998
      -3473      -62338
      32967      131057
     -59046      -19400
     -13317       29449
     -82609       77784
     187405      -21205
      95347      146975
     -68862       55376
       2098      109541
     124296     -130665
      18298     -104475
      24131      -28794
      61931      -16773
     -33475       39100
     -58274       -7345
     -17536      -78005
     -39482      -15587
      14496      -56485
      -9842      -92487
      75991       51186
     -35510        3239
     105927       79521
     -45705      -14380
      20753       21108
      60245      146366
     -58161       66402
     -72160      -45994
     -33585      -22269
     133806       64464
       1454     -253594
      59663      -60592
     -47300        8373
     -41947       26184
      32049       56080
     -48152      -16842
     -86919           0
    -113960       56261
      22704      -42937
      15636      -21171
     -61871       -1982
       9819       43056
     -51808      -80884
     -12215      119956
     -74332      -18190
      18834      149994
     -95223     -102881
     143371       22152
       3107      -86010
      82668       40441
      50611      -82261
      13017       22119
       5754      114818
     -77044      -21258
     -49984      -10158
      28080      -59335
     -33228      -15129
      23502       -6713
     -69685       37652
      -3868       -3176
     -59386       41553
       8153     -105553
    -107648      -80504
      30864        4779
      64205       20658
    -100800      -87703
       7712       38531
       7983      121396
     -39432       42756
      22617       34102
     -50100      -43779
     -84982       -3751
     -26668      -17285
      60984       60828
     -43507       61657
     -27295      -68003
    -181507      -77259
     -49253       -2130
     167981       15598
     103371       57801
     -23663      -31467
      14891      -16290
      19495      -25517
     -16453      152521
       2929      -26930
       6008       21404
    -170099       32331
     -69449      -50945
      71419      -63148
      -1014      -23524
      54868      -54383
      36159       33566
       5486      -17005
     -12011      -77896
    -103196       41422
     -81334     -145364
      95226      -59499
     -84355       62305
      58488      -83585
     -29626      -71192
      28563      -23219
      92276      -21312
     -82968      109305
      42117       23299
     -27316       86099
       5894      122232
      64440       65786
     -59777       54696
     -64956      -25653
     -16533       14498
      52514      140627
     -17258      -39750
      29683      120586
      78197      -23101
     -41555      -65255
     -51118      -64366
      62043      -43414
     -49839        8913
      32165      -25461
       1681       45730
      94445       15783
      98323       42561
     -34555       67328
      36479       12566
     -37753      -20693
     -67799     -180077
      21257       46603
     -18812      -79838
     -50514      116799
      48340     -113973
     -76560       65169
     -25589       79128
     106330      -62172
      97417     -111014
     -73380      -76345
       6534       33631
      -5399       -5534
      77528      -14079
      -1906     -119666
     -77063     -113951
     -12370      -96401
      23506      -58324
      -8117      -42766
    -129872       10807
      80858       29101
       1684     -106823
    -119920      -79022
     114300      153306
     145882       12690
     -57367       38153
     -76985      -82903
      22432     -173423
       -157       20000
     -87223       18422
     -43319     -102091
     -46388       10122
      65274       47594
     -30081       21056
     -32688       -3212
     -77279        6660
      54833      -57508
     -23826       43307
     107624     -135175
      34050      -74815
      94957           0
      34050       74815
     107624      135175
     -23826      -43307
      54833       57508
     -77279       -6660
     -32688        3212
     -30081      -21056
      65274      -47594
     -46388      -10122
     -43319      102091
     -87223      -18422
       -157      -20000
      22432      173423
     -76985       82903
     -57367      -38153
     145882      -12690
     114300     -153306
    -119920       79022
       1684      106823
      80858      -29101
    -129872      -10807
      -8117       42766
      23506       58324
     -12370       96401
     -77063      113951
      -1906      119666
      77528       14079
      -5399        5534
       6534      -33631
     -73380       76345
      97417      111014
     106330       62172
     -25589      -79128
     -76560      -65169
      48340      113973
     -50514     -116799
     -18812       79838
      21257      -46603
     -67799      180077
     -37753       20693
      36479      -12566
     -34555      -67328
      98323      -42561
      94445      -15783
       1681      -45730
      32165       25461
     -49839       -8913
      62043       43414
     -51118       64366
     -41555       65255
      78197       23101
      29683     -120586
     -17258       39750
      52514     -140627
     -16533      -14498
     -64956       25653
     -59777      -54696
      64440      -65786
       5894     -122232
     -27316      -86099
      42117      -23299
     -82968     -109305
      92276       21312
      28563       23219
     -29626       71192
      58488       83585
     -84355      -62305
      95226       59499
     -81334      145364
    -103196      -41422
     -12011       77896
       5486       17005
      36159      -33566
      54868       54383
      -1014       23524
      71419       63148
     -69449       50945
    -170099      -32331
       6008      -21404
       2929       26930
     -16453     -152521
      19495       25517
      14891       16290
     -23663       31467
     103371      -57801
     167981      -15598
     -49253        2130
    -181507       77259
     -27295       68003
     -43507      -61657
      60984      -60828
     -26668       17285
     -84982        3751
     -50100       43779
      22617      -34102
     -39432      -42756
       7983     -121396
       7712      -38531
    -100800       87703
      64205      -20658
      30864       -4779
    -107648       80504
       8153      105553
     -59386      -41553
      -3868        3176
     -69685      -37652
      23502        6713
     -33228       15129
      28080       59335
     -49984       10158
     -77044       21258
       5754     -114818
      13017      -22119
      50611       82261
      82668      -40441
       3107       86010
     143371      -22152
     -95223      102881
      18834     -149994
     -74332       18190
     -12215     -119956
     -51808       80884
       9819      -43056
     -61871        1982
      15636       21171
      22704       42937
    -113960      -56261
       2176           0
       5317        5688
     141897       30696
     -61465       28658
      44836      -46046
     206314      -54856
     -23940        9786
      36766     -183431
      12905        4396
      62970     -148138
      82489       83093
      44506      -19151
     -91058      123972
     -68977      -32744
     -34242       26044
     -26454      -36493
     -40435      -12665
      10645       -1932
      63367     -100031
     -21583      -45937
      88643      -85584
    -118426       51388
     -37053      -15781
     -15127      -20680
      -2767       50547
      34635      -32234
      31948      -29796
     -39061      -28839
     -72602      -56401
      92055     -164405
     -25327       63554
     -43933       68084
      -2475       80339
      51694      153686
      99627     -178113
    -130264      -62638
      -8494       17390
     108929         779
      10526      -69521
       1473       36526
      34875        9824
      39566      -91490
     -32174       72143
     -44625       39820
     137946      -82103
      57337      -26856
      50020      -12136
     -53699      -18209
     -64823      135648
     -32378       46062
      93445       61186
     -16845      -14663
       9112     -111840
      63049       55389
      50934     -138758
      45289      -72464
      -7150       -7633
     -94609       -2898
     -49069       16853
     -80761      -54972
       -642     -134133
      28435      -17387
     -70636       13750
     -65199       32491
    -136961       52136
     -98687      -10805
     -37922      -16770
      19823      -11615
     104290      -29677
      23103      -18194
      67587       34957
     -11957       -6292
      56242      -48089
      52299       39570
      23358      -56764
      -4741       14361
     -17632      -45050
      70487       45579
     -63387       30534
     -28296       97666
      10181      -26778
       2801       35987
     -22700      -76828
     -46349       -3624
     -80670      -42689
     -10425       32664
      51046       -2215
    -122604      -56676
     -66623       15038
     -24775      -16102
      36664      -73107
     -11013       70019
     -21408      -29612
       3744     -105606
     177533      -24495
     -19438       31184
     -77635       14039
    -168799      -36266
     -46789      -17632
      -8899        -729
     -88200       61409
     102157      -53755
     -58282      103670
      19291      -34042
      24583      -60931
     -76787        6486
     -45611       83777
      18996        -860
      70641        5190
      20367      -28409
     -52167       11593
     -93239         984
      26473      -25263
      19020      -35801
      76184       95764
     -34469      -41278
      10874       -6134
     -30662      -27103
      64547      -41533
      81842      -66856
     115231      -70768
      72240      -22533
     -93290       33078
      60068      -29010
      54748      -35322
      58987      -11214
      -6183     -102604
     -33787      -16496
     -33642           0
     -33787       16496
      -6183      102604
      58987       11214
      54748       35322
      60068       29010
     -93290      -33078
      72240       22533
     115231       70768
      81842       66856
      64547       41533
     -30662       27103
      10874        6134
     -34469       41278
      76184      -95764
      19020       35801
      26473       25263
     -93239        -984
     -52167      -11593
      20367       28409
      70641       -5190
      18996         860
     -45611      -83777
     -76787       -6486
      24583       60931
      19291       34042
     -58282     -103670
     102157       53755
     -88200      -61409
      -8899         729
     -46789       17632
    -168799       36266
     -77635      -14039
     -19438      -31184
     177533       24495
       3744      105606
     -21408       29612
     -11013      -70019
      36664       73107
     -24775       16102
     -66623      -15038
    -122604       56676
      51046        2215
     -10425      -32664
     -80670       42689
     -46349        3624
     -22700       76828
       2801      -35987
      10181       26778
     -28296      -97666
     -63387      -30534
      70487      -45579
     -17632       45050
      -4741      -14361
      23358       56764
      52299      -39570
      56242       48089
     -11957        6292
      67587      -34957
      23103       18194
     104290       29677
      19823       11615
     -37922       16770
     -98687       10805
    -136961      -52136
     -65199      -32491
     -70636      -13750
      28435       17387
       -642      134133
     -80761       54972
     -49069      -16853
     -94609        2898
      -7150        7633
      45289       72464
      50934      138758
      63049      -55389
       9112      111840
     -16845       14663
      93445      -61186
     -32378      -46062
     -64823     -135648
     -53699       18209
      50020       12136
      57337       26856
     137946       82103
     -44625      -39820
     -32174      -72143
      39566       91490
      34875       -9824
       1473      -36526
      10526       69521
     108929        -779
      -8494      -17390
    -130264       62638
      99627      178113
      51694     -153686
      -2475      -80339
     -43933      -68084
     -25327      -63554
      92055      164405
     -72602       56401
     -39061       28839
      31948       29796
      34635       32234
      -2767      -50547
     -15127       20680
     -37053       15781
    -118426      -51388
      88643       85584
     -21583       45937
      63367      100031
      10645        1932
     -40435       12665
     -26454       36493
     -34242      -26044
     -68977       32744
     -91058     -123972
      44506       19151
      82489      -83093
      62970      148138
      12905       -4396
      36766      183431
     -23940       -9786
     206314       54856
      44836       46046
     -61465      -28658
     141897      -30696
       5317       -5688
       6490           0
      -5661      138299
       2656       55269
      -6332       95346
     -27041      -24636
      58947       56766
       2327      -27340
     -82909       48171
      38974      -28829
       7306     -149232
     -28444       46511
       2896       64650
      81532      -41769
      82423      -39238
      20791        4153
     -62496      -82749
      72800       74973
      -1131      -77621
     -18209       51264
      36856       72278
     -51604        1285
     -13170      -22061
     -47596       80660
      64871      -42104
      98178      -35296
     -25362      -65052
      32629       38806
     -10145      -69935
     -66098       -5699
     -38471       51258
     101133     -135970
     -77197      -62286
      64385      -96960
      42761      -80507
    -129925      -22521
     -23346       45467
      27048      -32308
     -41728       26507
      47747       13088
      44127       -6622
     -41452      -79440
      14185      -63382
      25246     -117265
     -51889      -60612
     -18141      -92817
     -39247        8753
     -46902      -20987
    -125971      -95484
     -13223      -91909
     131780      -29570
     -28602        5544
      98731        -849
      34645       13033
     -10305       -6828
     -69232      -52123
      43621      -24335
     -93655      167445
     -13439        -470
     107010       50383
      44698       35694
      -1156      -93909
      39844       50073
      65854      -19380
     -72642     -105603
     100758      -37243
    -136990      -66953
      68040      -63470
     -93018      -87895
    -101724       -8917
     -35594        1636
     -61670      -73535
     -40065       27006
      22711       80447
      17089       18893
      59516       16259
      54565     -160380
      66419      -15385
      22951       26385
     -44070       93866
     -19884      -53802
      50343      -20469
       7951       63672
      69466       70725
     -17459      -64863
       9505     -143299
     -19435       26404
     -23752        9145
     -33999      -84192
      30772      -21552
      48663        6652
      38845      -73152
      40206        8549
     -49780       26370
     -34862       19091
     -83403      -45617
    -153635       77273
       -267        5314
     -28629       20302
     103395      -14686
      73747       83470
      19418       38123
     -14925      -53525
     -72001      122234
      -2660      -11706
      28046     -111544
     104179       13182
      75958      -34102
     -22446       51963
      50604       45507
     -17734       10610
      63457      131272
      31951      137627
     100700      -74075
      20112       -1793
     -57699       -8925
      43911       32672
     -93336     -132451
      66152       33666
      66632       -7991
     -73660      -26556
     -17974      -91459
      48869       25679
       6113      -29510
     -79827        3724
     -94947       -4572
       7366       20262
     -59006     -125913
      94113     -187883
     -72298           0
      94113      187883
     -59006      125913
       7366      -20262
     -94947        4572
     -79827       -3724
       6113       29510
      48869      -25679
     -17974       91459
     -73660       26556
      66632        7991
      66152      -33666
     -93336      132451
      43911      -32672
     -57699        8925
      20112        1793
     100700       74075
      31951     -137627
      63457     -131272
     -17734      -10610
      50604      -45507
     -22446      -51963
      75958       34102
     104179      -13182
      28046      111544
      -2660       11706
     -72001     -122234
     -14925       53525
      19418      -38123
      73747      -83470
     103395       14686
     -28629      -20302
       -267       -5314
    -153635      -77273
     -83403       45617
     -34862      -19091
     -49780      -26370
      40206       -8549
      38845       73152
      48663       -6652
      30772       21552
     -33999       84192
     -23752       -9145
     -19435      -26404
       9505      143299
     -17459       64863
      69466      -70725
       7951      -63672
      50343       20469
     -19884       53802
     -44070      -93866
      22951      -26385
      66419       15385
      54565      160380
      59516      -16259
      17089      -18893
      22711      -80447
     -40065      -27006
     -61670       73535
     -35594       -1636
    -101724        8917
     -93018       87895
      68040       63470
    -136990       66953
     100758       37243
     -72642      105603
      65854       19380
      39844      -50073
      -1156       93909
      44698      -35694
     107010      -50383
     -13439         470
     -93655     -167445
      43621       24335
     -69232       52123
     -10305        6828
      34645      -13033
      98731         849
     -28602       -5544
     131780       29570
     -13223       91909
    -125971       95484
     -46902       20987
     -39247       -8753
     -18141       92817
     -51889       60612
      25246      117265
      14185       63382
     -41452       79440
      44127        6622
      47747      -13088
     -41728      -26507
      27048       32308
     -23346      -45467
    -129925       22521
      42761       80507
      64385       96960
     -77197       62286
     101133      135970
     -38471      -51258
     -66098        5699
     -10145       69935
      32629      -38806
     -25362       65052
      98178       35296
      64871       42104
     -47596      -80660
     -13170       22061
     -51604       -1285
      36856      -72278
     -18209      -51264
      -1131       77621
      72800      -74973
     -62496       82749
      20791       -4153
      82423       39238
      81532       41769
       2896      -64650
     -28444      -46511
       7306      149232
      38974       28829
     -82909      -48171
       2327       27340
      58947      -56766
     -27041       24636
      -6332      -95346
       2656      -55269
      -5661     -138299
